{
  "seed": 2025,
  "seeds": [
    2025
  ],
  "dataset_dir": "./Datasets/sparse_yelp",
  "result_dir": "./results_dgbrec",
  "device": "cuda",
  "cudnn_benchmark": true,
  "exact_negative_sampling": false,
  "demo_if_missing": false,
  "epochs": 400,
  "patience": 30,
  "eval_interval": 5,
  "batch_size": 4096,
  "lr": 0.004254953399591034,
  "l_r": 0.004254953399591034,
  "weight_decay": 0.0006906257175600949,
  "decay": 0.0006906257175600949,
  "neg_k": 16,
  "topks": [
    20,
    40
  ],
  "primary_metric": "ndcg@20",
  "save_best_model": false,
  "grad_clip_norm": 5.0,
  "scheduler_eta_min": 1e-05,
  "random_svd_oversampling": 16,
  "random_svd_n_iter": 3,
  "random_svd_seed": 2025,
  "emb_dim": 128,
  "n_layers": 2,
  "n_balls_u": 768,
  "n_balls_i": 512,
  "tau_h": 0.3795539116630165,
  "eval_tau_h": 0.1,
  "topm_membership": 4,
  "rho_c": 0.840658040985111,
  "rho_r": 0.6044918634787524,
  "detach_ball_update": false,
  "radius_init_scale": 1.8453142670816267,
  "eta_struct": 0.2,
  "beta_quality": 1.0,
  "kmeans_iters": 8,
  "radius_eps": 1e-06,
  "radius_min": 0.0001,
  "radius_max": 10.0,
  "coverage_margin": 1.0,
  "q_floor": 0.05,
  "gb_warmup_epochs": 50,
  "lambda_cov": 0.002686455772166749,
  "lambda_rad": 0.00010491319031455553,
  "lambda_purity": 0.005492267676420222,
  "lambda_mass": 9.761976299435802e-05
}