{
  "run_name": "DGBRec_seed2025",
  "seed": 2025,
  "best_epoch": 395,
  "best_primary_metric": "ndcg@20",
  "best_primary_value": 0.17443386575511582,
  "time_sec": 2273.5773136615753,
  "recall@20": 0.26587253482594764,
  "ndcg@20": 0.17443386575511582,
  "recall@40": 0.36815863197366183,
  "ndcg@40": 0.20310151676006244,
  "emb_dim": 128,
  "batch_size": 4096,
  "l_r": 0.004254953399591034,
  "decay": 0.0006906257175600949,
  "n_layers": 2,
  "n_balls_u": 768,
  "n_balls_i": 512,
  "tau_h": 0.3795539116630165,
  "topm_membership": 4,
  "rho_c": 0.840658040985111,
  "rho_r": 0.6044918634787524,
  "detach_ball_update": false,
  "radius_init_scale": 1.8453142670816267,
  "lambda_cov": 0.002686455772166749,
  "lambda_rad": 0.00010491319031455553,
  "lambda_purity": 0.005492267676420222,
  "lambda_mass": 9.761976299435802e-05,
  "eta_struct": 0.2,
  "beta_quality": 1.0,
  "neg_k": 16
}